[{"id":1,"title":"A Book","imageUrl":"https://www.publicdomainpictures.net/pictures/10000/velka/1-1210009435EGmE.jpg","description":"This is an awesome book!","price":"19"},{"id":"0.4071912894537617","title":"1111","imageUrl":"21111","description":"41111","price":"31111"},{"id":"0.8258780916463382","title":"112","imageUrl":"212","description":"412","price":"312"},{"id":0.28515798566742845,"title":"12","imageUrl":"22","description":"42","price":"32"},{"id":"0.15648558891477005","title":"h1","imageUrl":"h1","description":"hh1","price":"21"}]